{
	"credit": "Made with Blockbench",
	"ambientocclusion": false,
	"texture_size": [64, 64],
	"textures": {
		"0": "rfti:item/map/bounce_pad/bounce_pad",
		"particle": "rfti:item/map/bounce_pad/bounce_pad"
	},
	"elements": [
		{
			"from": [0, 0, 0],
			"to": [16, 3, 16],
			"faces": {
				"north": {"uv": [0, 8, 4, 8.75], "texture": "#0"},
				"east": {"uv": [4, 8, 8, 8.75], "texture": "#0"},
				"south": {"uv": [8, 4, 12, 4.75], "texture": "#0"},
				"west": {"uv": [8, 4.75, 12, 5.5], "texture": "#0"},
				"up": {"uv": [4, 4, 0, 0], "texture": "#0"},
				"down": {"uv": [4, 4, 0, 8], "texture": "#0"}
			}
		},
		{
			"from": [-2, 0, -1],
			"to": [0, 4, 17],
			"rotation": {"angle": 0, "axis": "y", "origin": [-2, 0, 0]},
			"faces": {
				"north": {"uv": [6.5, 8.75, 7, 9.75], "texture": "#0"},
				"east": {"uv": [4, 0, 8.5, 1], "texture": "#0"},
				"south": {"uv": [7, 8.75, 7.5, 9.75], "texture": "#0"},
				"west": {"uv": [4, 1, 8.5, 2], "texture": "#0"},
				"up": {"uv": [8.5, 10, 8, 5.5], "texture": "#0"},
				"down": {"uv": [9, 5.5, 8.5, 10], "texture": "#0"}
			}
		},
		{
			"from": [16, 0, -1],
			"to": [18, 4, 17],
			"rotation": {"angle": 0, "axis": "y", "origin": [16, 0, 0]},
			"faces": {
				"north": {"uv": [7.5, 8.75, 8, 9.75], "texture": "#0"},
				"east": {"uv": [4, 2, 8.5, 3], "texture": "#0"},
				"south": {"uv": [9, 9, 9.5, 10], "texture": "#0"},
				"west": {"uv": [4, 3, 8.5, 4], "texture": "#0"},
				"up": {"uv": [0.5, 13.25, 0, 8.75], "texture": "#0"},
				"down": {"uv": [1, 8.75, 0.5, 13.25], "texture": "#0"}
			}
		},
		{
			"from": [0, 0, -2],
			"to": [16, 4, 0],
			"rotation": {"angle": 0, "axis": "y", "origin": [16, 0, -16]},
			"faces": {
				"north": {"uv": [4, 4, 8, 5], "texture": "#0"},
				"east": {"uv": [4, 9.25, 4.5, 10.25], "texture": "#0"},
				"south": {"uv": [4, 5, 8, 6], "texture": "#0"},
				"west": {"uv": [4.5, 9.25, 5, 10.25], "texture": "#0"},
				"up": {"uv": [12.5, 0.5, 8.5, 0], "texture": "#0"},
				"down": {"uv": [12.5, 0.5, 8.5, 1], "texture": "#0"}
			}
		},
		{
			"from": [-1, 0, -2],
			"to": [0, 4, -1],
			"rotation": {"angle": 0, "axis": "y", "origin": [15, 0, -16]},
			"faces": {
				"north": {"uv": [9, 10, 9.25, 11], "texture": "#0"},
				"east": {"uv": [9.25, 10, 9.5, 11], "texture": "#0"},
				"south": {"uv": [9.5, 10, 9.75, 11], "texture": "#0"},
				"west": {"uv": [9.75, 10, 10, 11], "texture": "#0"},
				"up": {"uv": [7, 10.5, 6.75, 10.25], "texture": "#0"},
				"down": {"uv": [7.25, 10.25, 7, 10.5], "texture": "#0"}
			}
		},
		{
			"from": [16, 0, -2],
			"to": [17, 4, -1],
			"rotation": {"angle": 0, "axis": "y", "origin": [32, 0, -16]},
			"faces": {
				"north": {"uv": [10, 10, 10.25, 11], "texture": "#0"},
				"east": {"uv": [4, 10.25, 4.25, 11.25], "texture": "#0"},
				"south": {"uv": [4.25, 10.25, 4.5, 11.25], "texture": "#0"},
				"west": {"uv": [4.5, 10.25, 4.75, 11.25], "texture": "#0"},
				"up": {"uv": [7.5, 10.5, 7.25, 10.25], "texture": "#0"},
				"down": {"uv": [7.75, 10.25, 7.5, 10.5], "texture": "#0"}
			}
		},
		{
			"from": [16, 0, 17],
			"to": [17, 4, 18],
			"rotation": {"angle": 0, "axis": "y", "origin": [32, 0, 3]},
			"faces": {
				"north": {"uv": [4.75, 10.25, 5, 11.25], "texture": "#0"},
				"east": {"uv": [5, 10.25, 5.25, 11.25], "texture": "#0"},
				"south": {"uv": [5.25, 10.25, 5.5, 11.25], "texture": "#0"},
				"west": {"uv": [5.5, 10.25, 5.75, 11.25], "texture": "#0"},
				"up": {"uv": [8, 10.5, 7.75, 10.25], "texture": "#0"},
				"down": {"uv": [10.5, 9, 10.25, 9.25], "texture": "#0"}
			}
		},
		{
			"from": [-1, 0, 17],
			"to": [0, 4, 18],
			"rotation": {"angle": 0, "axis": "y", "origin": [15, 0, 3]},
			"faces": {
				"north": {"uv": [5.75, 10.25, 6, 11.25], "texture": "#0"},
				"east": {"uv": [6, 10.25, 6.25, 11.25], "texture": "#0"},
				"south": {"uv": [6.25, 10.25, 6.5, 11.25], "texture": "#0"},
				"west": {"uv": [6.5, 10.25, 6.75, 11.25], "texture": "#0"},
				"up": {"uv": [10.5, 9.5, 10.25, 9.25], "texture": "#0"},
				"down": {"uv": [10.5, 9.5, 10.25, 9.75], "texture": "#0"}
			}
		},
		{
			"from": [0, 0, 16],
			"to": [16, 4, 18],
			"rotation": {"angle": 0, "axis": "y", "origin": [16, 0, 2]},
			"faces": {
				"north": {"uv": [4, 6, 8, 7], "texture": "#0"},
				"east": {"uv": [5, 9.25, 5.5, 10.25], "texture": "#0"},
				"south": {"uv": [4, 7, 8, 8], "texture": "#0"},
				"west": {"uv": [5.5, 9.25, 6, 10.25], "texture": "#0"},
				"up": {"uv": [12.5, 1.5, 8.5, 1], "texture": "#0"},
				"down": {"uv": [12.5, 1.5, 8.5, 2], "texture": "#0"}
			}
		},
		{
			"from": [3, 0, 18],
			"to": [13, 2, 20],
			"rotation": {"angle": 0, "axis": "y", "origin": [7, 0, 18]},
			"faces": {
				"north": {"uv": [8.5, 2, 11, 2.5], "texture": "#0"},
				"east": {"uv": [6, 9.25, 6.5, 9.75], "texture": "#0"},
				"south": {"uv": [8.5, 2.5, 11, 3], "texture": "#0"},
				"west": {"uv": [7.5, 9.75, 8, 10.25], "texture": "#0"},
				"up": {"uv": [11, 3.5, 8.5, 3], "texture": "#0"},
				"down": {"uv": [11, 3.5, 8.5, 4], "texture": "#0"}
			}
		},
		{
			"from": [3, 0, -4],
			"to": [13, 2, -2],
			"rotation": {"angle": 0, "axis": "y", "origin": [7, 0, -4]},
			"faces": {
				"north": {"uv": [4, 8.75, 6.5, 9.25], "texture": "#0"},
				"east": {"uv": [8, 10, 8.5, 10.5], "texture": "#0"},
				"south": {"uv": [9, 5.5, 11.5, 6], "texture": "#0"},
				"west": {"uv": [8.5, 10, 9, 10.5], "texture": "#0"},
				"up": {"uv": [11.5, 6.5, 9, 6], "texture": "#0"},
				"down": {"uv": [11.5, 6.5, 9, 7], "texture": "#0"}
			}
		},
		{
			"from": [-4, 0, 3],
			"to": [-1, 2, 13],
			"rotation": {"angle": 0, "axis": "y", "origin": [-7, 0, 7]},
			"faces": {
				"north": {"uv": [9.5, 9, 10.25, 9.5], "texture": "#0"},
				"east": {"uv": [9, 7, 11.5, 7.5], "texture": "#0"},
				"south": {"uv": [9.5, 9.5, 10.25, 10], "texture": "#0"},
				"west": {"uv": [9, 7.5, 11.5, 8], "texture": "#0"},
				"up": {"uv": [1.75, 11.25, 1, 8.75], "texture": "#0"},
				"down": {"uv": [2.5, 8.75, 1.75, 11.25], "texture": "#0"}
			}
		},
		{
			"from": [17, 0, 3],
			"to": [20, 2, 13],
			"rotation": {"angle": 0, "axis": "y", "origin": [14, 0, 7]},
			"faces": {
				"north": {"uv": [6, 9.75, 6.75, 10.25], "texture": "#0"},
				"east": {"uv": [9, 8, 11.5, 8.5], "texture": "#0"},
				"south": {"uv": [6.75, 9.75, 7.5, 10.25], "texture": "#0"},
				"west": {"uv": [9, 8.5, 11.5, 9], "texture": "#0"},
				"up": {"uv": [3.25, 11.25, 2.5, 8.75], "texture": "#0"},
				"down": {"uv": [4, 8.75, 3.25, 11.25], "texture": "#0"}
			}
		}
	]
}