{
    "parent": "minecraft:item/generated",
    "textures": {
      "layer0": "minecraft:item/amethyst_shard"
    },
    "overrides": [
      { "model": "rfti:item/items/spear", "predicate": { "custom_model_data": 101 } },
      { "model": "rfti:item/items/crate", "predicate": { "custom_model_data": 102 } },
      { "model": "minecraft:item/snowball", "predicate": { "custom_model_data": 103 } },
      { "model": "rfti:item/items/fireworks", "predicate": { "custom_model_data": 104 } },

      { "model": "rfti:item/items/speed_cola", "predicate": { "custom_model_data": 201 } },
      { "model": "rfti:item/items/chezburger", "predicate": { "custom_model_data": 202 } }
    ]
  }