{
    "parent": "minecraft:item/generated",
    "textures": {
      "layer0": "minecraft:item/amethyst_shard"
    },
    "overrides": [
      { "model": "rfti:item/items/spear", "predicate": { "custom_model_data": 1 } },
      { "model": "rfti:item/items/crate", "predicate": { "custom_model_data": 2 } },
      { "model": "minecraft:item/snowball", "predicate": { "custom_model_data": 3 } },
      { "model": "rfti:item/items/speed_cola", "predicate": { "custom_model_data": 4 } }
    ]
  }