{
	"credit": "Made with Blockbench",
	"ambientocclusion": false,
	"textures": {
		"0": "rfti:item/map/fog/white_fog",
		"particle": "rfti:item/map/fog/white_fog"
	},
	"elements": [
		{
			"from": [7.5, 7.5, 0],
			"to": [8.5, 8.5, 0],
			"rotation": {"angle": 0, "axis": "y", "origin": [7.5, 7.5, 0]},
			"faces": {
				"north": {"uv": [0, 0, 1, 1], "texture": "#0"},
				"east": {"uv": [0, 0, 0, 1], "texture": "#0"},
				"south": {"uv": [0, 1, 1, 2], "texture": "#0"},
				"west": {"uv": [0, 0, 0, 1], "texture": "#0"},
				"up": {"uv": [1, 0, 0, 0], "texture": "#0"},
				"down": {"uv": [1, 0, 0, 0], "texture": "#0"}
			}
		},
		{
			"from": [7.5, 7.5, 0.5],
			"to": [8.5, 8.5, 0.5],
			"rotation": {"angle": 0, "axis": "y", "origin": [7.5, 7.5, 0.5]},
			"faces": {
				"north": {"uv": [0, 0, 1, 1], "texture": "#0"},
				"east": {"uv": [0, 0, 0, 1], "texture": "#0"},
				"south": {"uv": [0, 1, 1, 2], "texture": "#0"},
				"west": {"uv": [0, 0, 0, 1], "texture": "#0"},
				"up": {"uv": [1, 0, 0, 0], "texture": "#0"},
				"down": {"uv": [1, 0, 0, 0], "texture": "#0"}
			}
		},
		{
			"from": [7.5, 7.5, 1],
			"to": [8.5, 8.5, 1],
			"rotation": {"angle": 0, "axis": "y", "origin": [7.5, 7.5, 1]},
			"faces": {
				"north": {"uv": [0, 0, 1, 1], "texture": "#0"},
				"east": {"uv": [0, 0, 0, 1], "texture": "#0"},
				"south": {"uv": [0, 1, 1, 2], "texture": "#0"},
				"west": {"uv": [0, 0, 0, 1], "texture": "#0"},
				"up": {"uv": [1, 0, 0, 0], "texture": "#0"},
				"down": {"uv": [1, 0, 0, 0], "texture": "#0"}
			}
		},
		{
			"from": [7.5, 7.5, 2],
			"to": [8.5, 8.5, 2],
			"rotation": {"angle": 0, "axis": "y", "origin": [7.5, 7.5, 2]},
			"faces": {
				"north": {"uv": [0, 0, 1, 1], "texture": "#0"},
				"east": {"uv": [0, 0, 0, 1], "texture": "#0"},
				"south": {"uv": [0, 1, 1, 2], "texture": "#0"},
				"west": {"uv": [0, 0, 0, 1], "texture": "#0"},
				"up": {"uv": [1, 0, 0, 0], "texture": "#0"},
				"down": {"uv": [1, 0, 0, 0], "texture": "#0"}
			}
		},
		{
			"from": [7.5, 7.5, 1.5],
			"to": [8.5, 8.5, 1.5],
			"rotation": {"angle": 0, "axis": "y", "origin": [7.5, 7.5, 1.5]},
			"faces": {
				"north": {"uv": [0, 0, 1, 1], "texture": "#0"},
				"east": {"uv": [0, 0, 0, 1], "texture": "#0"},
				"south": {"uv": [0, 1, 1, 2], "texture": "#0"},
				"west": {"uv": [0, 0, 0, 1], "texture": "#0"},
				"up": {"uv": [1, 0, 0, 0], "texture": "#0"},
				"down": {"uv": [1, 0, 0, 0], "texture": "#0"}
			}
		},
		{
			"from": [7.5, 7.5, 3],
			"to": [8.5, 8.5, 3],
			"rotation": {"angle": 0, "axis": "y", "origin": [7.5, 7.5, 3]},
			"faces": {
				"north": {"uv": [0, 0, 1, 1], "texture": "#0"},
				"east": {"uv": [0, 0, 0, 1], "texture": "#0"},
				"south": {"uv": [0, 1, 1, 2], "texture": "#0"},
				"west": {"uv": [0, 0, 0, 1], "texture": "#0"},
				"up": {"uv": [1, 0, 2, 0], "texture": "#0"},
				"down": {"uv": [1, 0, 2, 0], "texture": "#0"}
			}
		},
		{
			"from": [7.5, 7.5, 2.5],
			"to": [8.5, 8.5, 2.5],
			"rotation": {"angle": 0, "axis": "y", "origin": [7.5, 7.5, 2.5]},
			"faces": {
				"north": {"uv": [0, 0, 1, 1], "texture": "#0"},
				"east": {"uv": [0, 0, 0, 1], "texture": "#0"},
				"south": {"uv": [0, 1, 1, 2], "texture": "#0"},
				"west": {"uv": [0, 0, 0, 1], "texture": "#0"},
				"up": {"uv": [1, 0, 2, 0], "texture": "#0"},
				"down": {"uv": [1, 0, 2, 0], "texture": "#0"}
			}
		},
		{
			"from": [7.5, 7.5, 4],
			"to": [8.5, 8.5, 4],
			"rotation": {"angle": 0, "axis": "y", "origin": [7.5, 7.5, 4]},
			"faces": {
				"north": {"uv": [0, 0, 1, 1], "texture": "#0"},
				"east": {"uv": [0, 0, 0, 1], "texture": "#0"},
				"south": {"uv": [0, 1, 1, 2], "texture": "#0"},
				"west": {"uv": [0, 0, 0, 1], "texture": "#0"},
				"up": {"uv": [1, 0, 2, 0], "texture": "#0"},
				"down": {"uv": [1, 0, 2, 0], "texture": "#0"}
			}
		},
		{
			"from": [7.5, 7.5, 3.5],
			"to": [8.5, 8.5, 3.5],
			"rotation": {"angle": 0, "axis": "y", "origin": [7.5, 7.5, 3.5]},
			"faces": {
				"north": {"uv": [0, 0, 1, 1], "texture": "#0"},
				"east": {"uv": [0, 0, 0, 1], "texture": "#0"},
				"south": {"uv": [0, 1, 1, 2], "texture": "#0"},
				"west": {"uv": [0, 0, 0, 1], "texture": "#0"},
				"up": {"uv": [1, 0, 2, 0], "texture": "#0"},
				"down": {"uv": [1, 0, 2, 0], "texture": "#0"}
			}
		},
		{
			"from": [7.5, 7.5, 5],
			"to": [8.5, 8.5, 5],
			"rotation": {"angle": 0, "axis": "y", "origin": [7.5, 7.5, 5]},
			"faces": {
				"north": {"uv": [0, 0, 1, 1], "texture": "#0"},
				"east": {"uv": [0, 0, 0, 1], "texture": "#0"},
				"south": {"uv": [0, 1, 1, 2], "texture": "#0"},
				"west": {"uv": [0, 0, 0, 1], "texture": "#0"},
				"up": {"uv": [1, 0, 2, 0], "texture": "#0"},
				"down": {"uv": [1, 0, 2, 0], "texture": "#0"}
			}
		},
		{
			"from": [7.5, 7.5, 4.5],
			"to": [8.5, 8.5, 4.5],
			"rotation": {"angle": 0, "axis": "y", "origin": [7.5, 7.5, 4.5]},
			"faces": {
				"north": {"uv": [0, 0, 1, 1], "texture": "#0"},
				"east": {"uv": [0, 0, 0, 1], "texture": "#0"},
				"south": {"uv": [0, 1, 1, 2], "texture": "#0"},
				"west": {"uv": [0, 0, 0, 1], "texture": "#0"},
				"up": {"uv": [1, 0, 2, 0], "texture": "#0"},
				"down": {"uv": [1, 0, 2, 0], "texture": "#0"}
			}
		},
		{
			"from": [7.5, 7.5, 8.5],
			"to": [8.5, 8.5, 8.5],
			"rotation": {"angle": 0, "axis": "y", "origin": [7.5, 7.5, 8.5]},
			"faces": {
				"north": {"uv": [0, 0, 1, 1], "texture": "#0"},
				"east": {"uv": [0, 0, 0, 1], "texture": "#0"},
				"south": {"uv": [0, 1, 1, 2], "texture": "#0"},
				"west": {"uv": [0, 0, 0, 1], "texture": "#0"},
				"up": {"uv": [1, 0, 2, 0], "texture": "#0"},
				"down": {"uv": [1, 0, 2, 0], "texture": "#0"}
			}
		},
		{
			"from": [7.5, 7.5, 6],
			"to": [8.5, 8.5, 6],
			"rotation": {"angle": 0, "axis": "y", "origin": [7.5, 7.5, 6]},
			"faces": {
				"north": {"uv": [0, 0, 1, 1], "texture": "#0"},
				"east": {"uv": [0, 0, 0, 1], "texture": "#0"},
				"south": {"uv": [0, 1, 1, 2], "texture": "#0"},
				"west": {"uv": [0, 0, 0, 1], "texture": "#0"},
				"up": {"uv": [1, 0, 2, 0], "texture": "#0"},
				"down": {"uv": [1, 0, 2, 0], "texture": "#0"}
			}
		},
		{
			"from": [7.5, 7.5, 5.5],
			"to": [8.5, 8.5, 5.5],
			"rotation": {"angle": 0, "axis": "y", "origin": [7.5, 7.5, 5.5]},
			"faces": {
				"north": {"uv": [0, 0, 1, 1], "texture": "#0"},
				"east": {"uv": [0, 0, 0, 1], "texture": "#0"},
				"south": {"uv": [0, 1, 1, 2], "texture": "#0"},
				"west": {"uv": [0, 0, 0, 1], "texture": "#0"},
				"up": {"uv": [1, 0, 2, 0], "texture": "#0"},
				"down": {"uv": [1, 0, 2, 0], "texture": "#0"}
			}
		},
		{
			"from": [7.5, 7.5, 7],
			"to": [8.5, 8.5, 7],
			"rotation": {"angle": 0, "axis": "y", "origin": [7.5, 7.5, 7]},
			"faces": {
				"north": {"uv": [0, 0, 1, 1], "texture": "#0"},
				"east": {"uv": [0, 0, 0, 1], "texture": "#0"},
				"south": {"uv": [0, 1, 1, 2], "texture": "#0"},
				"west": {"uv": [0, 0, 0, 1], "texture": "#0"},
				"up": {"uv": [1, 0, 2, 0], "texture": "#0"},
				"down": {"uv": [1, 0, 2, 0], "texture": "#0"}
			}
		},
		{
			"from": [7.5, 7.5, 6.5],
			"to": [8.5, 8.5, 6.5],
			"rotation": {"angle": 0, "axis": "y", "origin": [7.5, 7.5, 6.5]},
			"faces": {
				"north": {"uv": [0, 0, 1, 1], "texture": "#0"},
				"east": {"uv": [0, 0, 0, 1], "texture": "#0"},
				"south": {"uv": [0, 1, 1, 2], "texture": "#0"},
				"west": {"uv": [0, 0, 0, 1], "texture": "#0"},
				"up": {"uv": [1, 0, 2, 0], "texture": "#0"},
				"down": {"uv": [1, 0, 2, 0], "texture": "#0"}
			}
		},
		{
			"from": [7.5, 7.5, 8],
			"to": [8.5, 8.5, 8],
			"rotation": {"angle": 0, "axis": "y", "origin": [7.5, 7.5, 8]},
			"faces": {
				"north": {"uv": [0, 0, 1, 1], "texture": "#0"},
				"east": {"uv": [0, 0, 0, 1], "texture": "#0"},
				"south": {"uv": [0, 1, 1, 2], "texture": "#0"},
				"west": {"uv": [0, 0, 0, 1], "texture": "#0"},
				"up": {"uv": [1, 0, 2, 0], "texture": "#0"},
				"down": {"uv": [1, 0, 2, 0], "texture": "#0"}
			}
		},
		{
			"from": [7.5, 7.5, 7.5],
			"to": [8.5, 8.5, 7.5],
			"rotation": {"angle": 0, "axis": "y", "origin": [7.5, 7.5, 7.5]},
			"faces": {
				"north": {"uv": [0, 0, 1, 1], "texture": "#0"},
				"east": {"uv": [0, 0, 0, 1], "texture": "#0"},
				"south": {"uv": [0, 1, 1, 2], "texture": "#0"},
				"west": {"uv": [0, 0, 0, 1], "texture": "#0"},
				"up": {"uv": [1, 0, 2, 0], "texture": "#0"},
				"down": {"uv": [1, 0, 2, 0], "texture": "#0"}
			}
		},
		{
			"from": [7.5, 7.5, 9],
			"to": [8.5, 8.5, 9],
			"rotation": {"angle": 0, "axis": "y", "origin": [7.5, 7.5, 9]},
			"faces": {
				"north": {"uv": [0, 0, 1, 1], "texture": "#0"},
				"east": {"uv": [0, 0, 0, 1], "texture": "#0"},
				"south": {"uv": [0, 1, 1, 2], "texture": "#0"},
				"west": {"uv": [0, 0, 0, 1], "texture": "#0"},
				"up": {"uv": [1, 0, 2, 0], "texture": "#0"},
				"down": {"uv": [1, 0, 2, 0], "texture": "#0"}
			}
		},
		{
			"from": [7.5, 7.5, 12],
			"to": [8.5, 8.5, 12],
			"rotation": {"angle": 0, "axis": "y", "origin": [7.5, 7.5, 12]},
			"faces": {
				"north": {"uv": [0, 0, 1, 1], "texture": "#0"},
				"east": {"uv": [0, 0, 0, 1], "texture": "#0"},
				"south": {"uv": [0, 1, 1, 2], "texture": "#0"},
				"west": {"uv": [0, 0, 0, 1], "texture": "#0"},
				"up": {"uv": [1, 0, 2, 0], "texture": "#0"},
				"down": {"uv": [1, 0, 2, 0], "texture": "#0"}
			}
		},
		{
			"from": [7.5, 7.5, 10.5],
			"to": [8.5, 8.5, 10.5],
			"rotation": {"angle": 0, "axis": "y", "origin": [7.5, 7.5, 10.5]},
			"faces": {
				"north": {"uv": [0, 0, 1, 1], "texture": "#0"},
				"east": {"uv": [0, 0, 0, 1], "texture": "#0"},
				"south": {"uv": [0, 1, 1, 2], "texture": "#0"},
				"west": {"uv": [0, 0, 0, 1], "texture": "#0"},
				"up": {"uv": [1, 0, 2, 0], "texture": "#0"},
				"down": {"uv": [1, 0, 2, 0], "texture": "#0"}
			}
		},
		{
			"from": [7.5, 7.5, 11],
			"to": [8.5, 8.5, 11],
			"rotation": {"angle": 0, "axis": "y", "origin": [7.5, 7.5, 11]},
			"faces": {
				"north": {"uv": [0, 0, 1, 1], "texture": "#0"},
				"east": {"uv": [0, 0, 0, 1], "texture": "#0"},
				"south": {"uv": [0, 1, 1, 2], "texture": "#0"},
				"west": {"uv": [0, 0, 0, 1], "texture": "#0"},
				"up": {"uv": [1, 0, 2, 0], "texture": "#0"},
				"down": {"uv": [1, 0, 2, 0], "texture": "#0"}
			}
		},
		{
			"from": [7.5, 7.5, 9.5],
			"to": [8.5, 8.5, 9.5],
			"rotation": {"angle": 0, "axis": "y", "origin": [7.5, 7.5, 9.5]},
			"faces": {
				"north": {"uv": [0, 0, 1, 1], "texture": "#0"},
				"east": {"uv": [0, 0, 0, 1], "texture": "#0"},
				"south": {"uv": [0, 1, 1, 2], "texture": "#0"},
				"west": {"uv": [0, 0, 0, 1], "texture": "#0"},
				"up": {"uv": [1, 0, 2, 0], "texture": "#0"},
				"down": {"uv": [1, 0, 2, 0], "texture": "#0"}
			}
		},
		{
			"from": [7.5, 7.5, 10],
			"to": [8.5, 8.5, 10],
			"rotation": {"angle": 0, "axis": "y", "origin": [7.5, 7.5, 10]},
			"faces": {
				"north": {"uv": [0, 0, 1, 1], "texture": "#0"},
				"east": {"uv": [0, 0, 0, 1], "texture": "#0"},
				"south": {"uv": [0, 1, 1, 2], "texture": "#0"},
				"west": {"uv": [0, 0, 0, 1], "texture": "#0"},
				"up": {"uv": [1, 0, 2, 0], "texture": "#0"},
				"down": {"uv": [1, 0, 2, 0], "texture": "#0"}
			}
		},
		{
			"from": [7.5, 7.5, 9],
			"to": [8.5, 8.5, 9],
			"rotation": {"angle": 0, "axis": "y", "origin": [7.5, 7.5, 9]},
			"faces": {
				"north": {"uv": [0, 0, 1, 1], "texture": "#0"},
				"east": {"uv": [0, 0, 0, 1], "texture": "#0"},
				"south": {"uv": [0, 1, 1, 2], "texture": "#0"},
				"west": {"uv": [0, 0, 0, 1], "texture": "#0"},
				"up": {"uv": [1, 0, 2, 0], "texture": "#0"},
				"down": {"uv": [1, 0, 2, 0], "texture": "#0"}
			}
		},
		{
			"from": [7.5, 7.5, 11.5],
			"to": [8.5, 8.5, 11.5],
			"rotation": {"angle": 0, "axis": "y", "origin": [7.5, 7.5, 11.5]},
			"faces": {
				"north": {"uv": [0, 0, 1, 1], "texture": "#0"},
				"east": {"uv": [0, 0, 0, 1], "texture": "#0"},
				"south": {"uv": [0, 1, 1, 2], "texture": "#0"},
				"west": {"uv": [0, 0, 0, 1], "texture": "#0"},
				"up": {"uv": [1, 0, 2, 0], "texture": "#0"},
				"down": {"uv": [1, 0, 2, 0], "texture": "#0"}
			}
		},
		{
			"from": [7.5, 7.5, 15],
			"to": [8.5, 8.5, 15],
			"rotation": {"angle": 0, "axis": "y", "origin": [7.5, 7.5, 15]},
			"faces": {
				"north": {"uv": [0, 0, 1, 1], "texture": "#0"},
				"east": {"uv": [0, 0, 0, 1], "texture": "#0"},
				"south": {"uv": [0, 1, 1, 2], "texture": "#0"},
				"west": {"uv": [0, 0, 0, 1], "texture": "#0"},
				"up": {"uv": [1, 0, 2, 0], "texture": "#0"},
				"down": {"uv": [1, 0, 2, 0], "texture": "#0"}
			}
		},
		{
			"from": [7.5, 7.5, 15.5],
			"to": [8.5, 8.5, 15.5],
			"rotation": {"angle": 0, "axis": "y", "origin": [7.5, 7.5, 15.5]},
			"faces": {
				"north": {"uv": [0, 0, 1, 1], "texture": "#0"},
				"east": {"uv": [0, 0, 0, 1], "texture": "#0"},
				"south": {"uv": [0, 1, 1, 2], "texture": "#0"},
				"west": {"uv": [0, 0, 0, 1], "texture": "#0"},
				"up": {"uv": [1, 0, 2, 0], "texture": "#0"},
				"down": {"uv": [1, 0, 2, 0], "texture": "#0"}
			}
		},
		{
			"from": [7.5, 7.5, 16],
			"to": [8.5, 8.5, 16],
			"rotation": {"angle": 0, "axis": "y", "origin": [7.5, 7.5, 16]},
			"faces": {
				"north": {"uv": [0, 0, 1, 1], "texture": "#0"},
				"east": {"uv": [0, 0, 0, 1], "texture": "#0"},
				"south": {"uv": [0, 1, 1, 2], "texture": "#0"},
				"west": {"uv": [0, 0, 0, 1], "texture": "#0"},
				"up": {"uv": [1, 0, 2, 0], "texture": "#0"},
				"down": {"uv": [1, 0, 2, 0], "texture": "#0"}
			}
		},
		{
			"from": [7.5, 7.5, 13.5],
			"to": [8.5, 8.5, 13.5],
			"rotation": {"angle": 0, "axis": "y", "origin": [7.5, 7.5, 13.5]},
			"faces": {
				"north": {"uv": [0, 0, 1, 1], "texture": "#0"},
				"east": {"uv": [0, 0, 0, 1], "texture": "#0"},
				"south": {"uv": [0, 1, 1, 2], "texture": "#0"},
				"west": {"uv": [0, 0, 0, 1], "texture": "#0"},
				"up": {"uv": [1, 0, 2, 0], "texture": "#0"},
				"down": {"uv": [1, 0, 2, 0], "texture": "#0"}
			}
		},
		{
			"from": [7.5, 7.5, 14],
			"to": [8.5, 8.5, 14],
			"rotation": {"angle": 0, "axis": "y", "origin": [7.5, 7.5, 14]},
			"faces": {
				"north": {"uv": [0, 0, 1, 1], "texture": "#0"},
				"east": {"uv": [0, 0, 0, 1], "texture": "#0"},
				"south": {"uv": [0, 1, 1, 2], "texture": "#0"},
				"west": {"uv": [0, 0, 0, 1], "texture": "#0"},
				"up": {"uv": [1, 0, 2, 0], "texture": "#0"},
				"down": {"uv": [1, 0, 2, 0], "texture": "#0"}
			}
		},
		{
			"from": [7.5, 7.5, 12.5],
			"to": [8.5, 8.5, 12.5],
			"rotation": {"angle": 0, "axis": "y", "origin": [7.5, 7.5, 12.5]},
			"faces": {
				"north": {"uv": [0, 0, 1, 1], "texture": "#0"},
				"east": {"uv": [0, 0, 0, 1], "texture": "#0"},
				"south": {"uv": [0, 1, 1, 2], "texture": "#0"},
				"west": {"uv": [0, 0, 0, 1], "texture": "#0"},
				"up": {"uv": [1, 0, 2, 0], "texture": "#0"},
				"down": {"uv": [1, 0, 2, 0], "texture": "#0"}
			}
		},
		{
			"from": [7.5, 7.5, 13],
			"to": [8.5, 8.5, 13],
			"rotation": {"angle": 0, "axis": "y", "origin": [7.5, 7.5, 13]},
			"faces": {
				"north": {"uv": [0, 0, 1, 1], "texture": "#0"},
				"east": {"uv": [0, 0, 0, 1], "texture": "#0"},
				"south": {"uv": [0, 1, 1, 2], "texture": "#0"},
				"west": {"uv": [0, 0, 0, 1], "texture": "#0"},
				"up": {"uv": [1, 0, 2, 0], "texture": "#0"},
				"down": {"uv": [1, 0, 2, 0], "texture": "#0"}
			}
		},
		{
			"from": [7.5, 7.5, 12],
			"to": [8.5, 8.5, 12],
			"rotation": {"angle": 0, "axis": "y", "origin": [7.5, 7.5, 12]},
			"faces": {
				"north": {"uv": [0, 0, 1, 1], "texture": "#0"},
				"east": {"uv": [0, 0, 0, 1], "texture": "#0"},
				"south": {"uv": [0, 1, 1, 2], "texture": "#0"},
				"west": {"uv": [0, 0, 0, 1], "texture": "#0"},
				"up": {"uv": [1, 0, 2, 0], "texture": "#0"},
				"down": {"uv": [1, 0, 2, 0], "texture": "#0"}
			}
		},
		{
			"from": [7.5, 7.5, 14.5],
			"to": [8.5, 8.5, 14.5],
			"rotation": {"angle": 0, "axis": "y", "origin": [7.5, 7.5, 14.5]},
			"faces": {
				"north": {"uv": [0, 0, 1, 1], "texture": "#0"},
				"east": {"uv": [0, 0, 0, 1], "texture": "#0"},
				"south": {"uv": [0, 1, 1, 2], "texture": "#0"},
				"west": {"uv": [0, 0, 0, 1], "texture": "#0"},
				"up": {"uv": [1, 0, 2, 0], "texture": "#0"},
				"down": {"uv": [1, 0, 2, 0], "texture": "#0"}
			}
		}
	]
}