{
	"credit": "Made with Blockbench",
	"texture_size": [64, 64],
	"textures": {
		"0": "rfti:item/items/crate",
		"particle": "rfti:item/items/crate"
	},
	"elements": [
		{
			"from": [1, 1, 1],
			"to": [15, 15, 15],
			"faces": {
				"north": {"uv": [0, 0, 3.5, 3.5], "texture": "#0"},
				"east": {"uv": [0, 3.5, 3.5, 7], "texture": "#0"},
				"south": {"uv": [3.5, 0, 7, 3.5], "texture": "#0"},
				"west": {"uv": [3.5, 3.5, 7, 7], "texture": "#0"},
				"up": {"uv": [3.5, 10.5, 0, 7], "texture": "#0"},
				"down": {"uv": [10.5, 0, 7, 3.5], "texture": "#0"}
			}
		},
		{
			"from": [0, 0, 0],
			"to": [16, 2, 2],
			"rotation": {"angle": 0, "axis": "y", "origin": [7, 0, 0]},
			"faces": {
				"north": {"uv": [7.75, 3.5, 11.75, 4], "texture": "#0"},
				"east": {"uv": [11.5, 1.5, 12, 2], "texture": "#0"},
				"south": {"uv": [7.75, 4, 11.75, 4.5], "texture": "#0"},
				"west": {"uv": [11.5, 2, 12, 2.5], "texture": "#0"},
				"up": {"uv": [11.75, 5, 7.75, 4.5], "texture": "#0"},
				"down": {"uv": [11.75, 5, 7.75, 5.5], "texture": "#0"}
			}
		},
		{
			"from": [0, 14, 0],
			"to": [16, 16, 2],
			"rotation": {"angle": 0, "axis": "y", "origin": [7, 14, 0]},
			"faces": {
				"north": {"uv": [5.25, 7.75, 9.25, 8.25], "texture": "#0"},
				"east": {"uv": [11.5, 2.5, 12, 3], "texture": "#0"},
				"south": {"uv": [7.75, 5.5, 11.75, 6], "texture": "#0"},
				"west": {"uv": [11.25, 11.5, 11.75, 12], "texture": "#0"},
				"up": {"uv": [11.75, 6.5, 7.75, 6], "texture": "#0"},
				"down": {"uv": [11.75, 6.5, 7.75, 7], "texture": "#0"}
			}
		},
		{
			"from": [14, 2, 0],
			"to": [16, 14, 2],
			"rotation": {"angle": 0, "axis": "y", "origin": [7, 12, 0]},
			"faces": {
				"north": {"uv": [9.25, 9.5, 9.75, 12.5], "texture": "#0"},
				"east": {"uv": [5.25, 9.75, 5.75, 12.75], "texture": "#0"},
				"south": {"uv": [5.75, 9.75, 6.25, 12.75], "texture": "#0"},
				"west": {"uv": [6.25, 9.75, 6.75, 12.75], "texture": "#0"},
				"up": {"uv": [12.25, 4, 11.75, 3.5], "texture": "#0"},
				"down": {"uv": [12.25, 4, 11.75, 4.5], "texture": "#0"}
			}
		},
		{
			"from": [0, 2, 0],
			"to": [2, 14, 2],
			"rotation": {"angle": 0, "axis": "y", "origin": [-7, 12, 0]},
			"faces": {
				"north": {"uv": [6.75, 9.75, 7.25, 12.75], "texture": "#0"},
				"east": {"uv": [7.25, 9.75, 7.75, 12.75], "texture": "#0"},
				"south": {"uv": [7.75, 9.75, 8.25, 12.75], "texture": "#0"},
				"west": {"uv": [8.25, 9.75, 8.75, 12.75], "texture": "#0"},
				"up": {"uv": [12.25, 5, 11.75, 4.5], "texture": "#0"},
				"down": {"uv": [12.25, 5, 11.75, 5.5], "texture": "#0"}
			}
		},
		{
			"from": [0, 2, 14],
			"to": [2, 14, 16],
			"rotation": {"angle": 0, "axis": "y", "origin": [-7, 12, 14]},
			"faces": {
				"north": {"uv": [10.5, 0, 11, 3], "texture": "#0"},
				"east": {"uv": [0.5, 10.5, 1, 13.5], "texture": "#0"},
				"south": {"uv": [1, 10.5, 1.5, 13.5], "texture": "#0"},
				"west": {"uv": [1.5, 10.5, 2, 13.5], "texture": "#0"},
				"up": {"uv": [12.5, 2.5, 12, 2], "texture": "#0"},
				"down": {"uv": [12.5, 2.5, 12, 3], "texture": "#0"}
			}
		},
		{
			"from": [0, 14, 2],
			"to": [2, 16, 14],
			"rotation": {"angle": 0, "axis": "y", "origin": [-7, 14, 12]},
			"faces": {
				"north": {"uv": [11.25, 12, 11.75, 12.5], "texture": "#0"},
				"east": {"uv": [10.5, 3, 13.5, 3.5], "texture": "#0"},
				"south": {"uv": [11.75, 12, 12.25, 12.5], "texture": "#0"},
				"west": {"uv": [10.75, 9.5, 13.75, 10], "texture": "#0"},
				"up": {"uv": [2.5, 13.5, 2, 10.5], "texture": "#0"},
				"down": {"uv": [3, 10.5, 2.5, 13.5], "texture": "#0"}
			}
		},
		{
			"from": [0, 0, 2],
			"to": [2, 2, 14],
			"rotation": {"angle": 0, "axis": "y", "origin": [-7, 0, 12]},
			"faces": {
				"north": {"uv": [12.25, 3.5, 12.75, 4], "texture": "#0"},
				"east": {"uv": [10.75, 10, 13.75, 10.5], "texture": "#0"},
				"south": {"uv": [12.25, 4, 12.75, 4.5], "texture": "#0"},
				"west": {"uv": [10.75, 10.5, 13.75, 11], "texture": "#0"},
				"up": {"uv": [3.5, 13.5, 3, 10.5], "texture": "#0"},
				"down": {"uv": [11.5, 0, 11, 3], "texture": "#0"}
			}
		},
		{
			"from": [14, 14, 2],
			"to": [16, 16, 14],
			"rotation": {"angle": 0, "axis": "y", "origin": [7, 14, 12]},
			"faces": {
				"north": {"uv": [12.25, 5.5, 12.75, 6], "texture": "#0"},
				"east": {"uv": [11.5, 0.5, 14.5, 1], "texture": "#0"},
				"south": {"uv": [12.25, 6, 12.75, 6.5], "texture": "#0"},
				"west": {"uv": [11.5, 1, 14.5, 1.5], "texture": "#0"},
				"up": {"uv": [5, 14.25, 4.5, 11.25], "texture": "#0"},
				"down": {"uv": [11.25, 11.5, 10.75, 14.5], "texture": "#0"}
			}
		},
		{
			"from": [14, 0, 2],
			"to": [16, 2, 14],
			"rotation": {"angle": 0, "axis": "y", "origin": [7, 0, 12]},
			"faces": {
				"north": {"uv": [12.25, 4.5, 12.75, 5], "texture": "#0"},
				"east": {"uv": [10.75, 11, 13.75, 11.5], "texture": "#0"},
				"south": {"uv": [12.25, 5, 12.75, 5.5], "texture": "#0"},
				"west": {"uv": [11.5, 0, 14.5, 0.5], "texture": "#0"},
				"up": {"uv": [4, 14.25, 3.5, 11.25], "texture": "#0"},
				"down": {"uv": [4.5, 11.25, 4, 14.25], "texture": "#0"}
			}
		},
		{
			"from": [0, 0, 14],
			"to": [16, 2, 16],
			"rotation": {"angle": 0, "axis": "y", "origin": [7, 0, 14]},
			"faces": {
				"north": {"uv": [9.25, 7.5, 13.25, 8], "texture": "#0"},
				"east": {"uv": [11.75, 11.5, 12.25, 12], "texture": "#0"},
				"south": {"uv": [9.25, 8, 13.25, 8.5], "texture": "#0"},
				"west": {"uv": [12, 1.5, 12.5, 2], "texture": "#0"},
				"up": {"uv": [13.25, 9, 9.25, 8.5], "texture": "#0"},
				"down": {"uv": [13.25, 9, 9.25, 9.5], "texture": "#0"}
			}
		},
		{
			"from": [0, 14, 14],
			"to": [16, 16, 16],
			"rotation": {"angle": 0, "axis": "y", "origin": [7, 14, 14]},
			"faces": {
				"north": {"uv": [7.75, 7, 11.75, 7.5], "texture": "#0"},
				"east": {"uv": [11.75, 6.5, 12.25, 7], "texture": "#0"},
				"south": {"uv": [5.25, 8.25, 9.25, 8.75], "texture": "#0"},
				"west": {"uv": [11.75, 7, 12.25, 7.5], "texture": "#0"},
				"up": {"uv": [9.25, 9.25, 5.25, 8.75], "texture": "#0"},
				"down": {"uv": [9.25, 9.25, 5.25, 9.75], "texture": "#0"}
			}
		},
		{
			"from": [14, 2, 14],
			"to": [16, 14, 16],
			"rotation": {"angle": 0, "axis": "y", "origin": [7, 12, 14]},
			"faces": {
				"north": {"uv": [8.75, 9.75, 9.25, 12.75], "texture": "#0"},
				"east": {"uv": [9.75, 9.5, 10.25, 12.5], "texture": "#0"},
				"south": {"uv": [10.25, 9.5, 10.75, 12.5], "texture": "#0"},
				"west": {"uv": [0, 10.5, 0.5, 13.5], "texture": "#0"},
				"up": {"uv": [12.25, 6, 11.75, 5.5], "texture": "#0"},
				"down": {"uv": [12.25, 6, 11.75, 6.5], "texture": "#0"}
			}
		},
		{
			"from": [0.35, 1.7, 0.5],
			"to": [3.35, 18.7, 2.5],
			"rotation": {"angle": -45, "axis": "z", "origin": [2.35, 1.7, 0.5]},
			"faces": {
				"north": {"uv": [3.5, 7, 4.25, 11.25], "texture": "#0"},
				"east": {"uv": [4.25, 7, 4.75, 11.25], "texture": "#0"},
				"south": {"uv": [7, 3.5, 7.75, 7.75], "texture": "#0"},
				"west": {"uv": [4.75, 7, 5.25, 11.25], "texture": "#0"},
				"up": {"uv": [6, 7.5, 5.25, 7], "texture": "#0"},
				"down": {"uv": [6.75, 7, 6, 7.5], "texture": "#0"}
			}
		},
		{
			"from": [0.35, 13.7, 1.65],
			"to": [3.35, 15.7, 18.65],
			"rotation": {"angle": 45, "axis": "y", "origin": [2.35, 15.7, 1.65]},
			"faces": {
				"north": {"uv": [6.75, 7, 6, 7.5], "rotation": 180, "texture": "#0"},
				"east": {"uv": [4.25, 7, 4.75, 11.25], "rotation": 270, "texture": "#0"},
				"south": {"uv": [6, 7.5, 5.25, 7], "texture": "#0"},
				"west": {"uv": [4.75, 7, 5.25, 11.25], "rotation": 90, "texture": "#0"},
				"up": {"uv": [3.5, 7, 4.25, 11.25], "rotation": 180, "texture": "#0"},
				"down": {"uv": [7, 3.5, 7.75, 7.75], "texture": "#0"}
			}
		},
		{
			"from": [12.65, 0.3, 1.65],
			"to": [15.65, 2.3, 18.65],
			"rotation": {"angle": -45, "axis": "y", "origin": [13.65, 0.3, 1.65]},
			"faces": {
				"north": {"uv": [6, 7.5, 6.75, 7], "rotation": 180, "texture": "#0"},
				"east": {"uv": [5.25, 11.25, 4.75, 7], "rotation": 90, "texture": "#0"},
				"south": {"uv": [5.25, 7, 6, 7.5], "texture": "#0"},
				"west": {"uv": [4.75, 11.25, 4.25, 7], "rotation": 270, "texture": "#0"},
				"up": {"uv": [7.75, 7.75, 7, 3.5], "texture": "#0"},
				"down": {"uv": [4.25, 11.25, 3.5, 7], "rotation": 180, "texture": "#0"}
			}
		},
		{
			"from": [0.35, -3.375, 0.675],
			"to": [2.35, 13.625, 3.675],
			"rotation": {"angle": -45, "axis": "x", "origin": [0.35, 13.625, 1.675]},
			"faces": {
				"north": {"uv": [4.25, 11.25, 4.75, 7], "texture": "#0"},
				"east": {"uv": [7, 7.75, 7.75, 3.5], "texture": "#0"},
				"south": {"uv": [4.75, 11.25, 5.25, 7], "texture": "#0"},
				"west": {"uv": [3.5, 11.25, 4.25, 7], "texture": "#0"},
				"up": {"uv": [6.75, 7.5, 6, 7], "rotation": 270, "texture": "#0"},
				"down": {"uv": [6, 7, 5.25, 7.5], "rotation": 90, "texture": "#0"}
			}
		},
		{
			"from": [13.65, 2.375, 0.675],
			"to": [15.65, 19.375, 3.675],
			"rotation": {"angle": 45, "axis": "x", "origin": [15.65, 2.375, 1.675]},
			"faces": {
				"north": {"uv": [4.75, 7, 4.25, 11.25], "texture": "#0"},
				"east": {"uv": [4.25, 7, 3.5, 11.25], "texture": "#0"},
				"south": {"uv": [5.25, 7, 4.75, 11.25], "texture": "#0"},
				"west": {"uv": [7.75, 3.5, 7, 7.75], "texture": "#0"},
				"up": {"uv": [5.25, 7.5, 6, 7], "rotation": 90, "texture": "#0"},
				"down": {"uv": [6, 7, 6.75, 7.5], "rotation": 270, "texture": "#0"}
			}
		},
		{
			"from": [0.35, -2.7, 13.5],
			"to": [3.35, 14.3, 15.5],
			"rotation": {"angle": 45, "axis": "z", "origin": [2.35, 14.3, 15.5]},
			"faces": {
				"north": {"uv": [7.75, 7.75, 7, 3.5], "texture": "#0"},
				"east": {"uv": [4.75, 11.25, 4.25, 7], "texture": "#0"},
				"south": {"uv": [4.25, 11.25, 3.5, 7], "texture": "#0"},
				"west": {"uv": [5.25, 11.25, 4.75, 7], "texture": "#0"},
				"up": {"uv": [6.75, 7, 6, 7.5], "texture": "#0"},
				"down": {"uv": [6, 7.5, 5.25, 7], "texture": "#0"}
			}
		}
	],
	"display": {
		"thirdperson_righthand": {
			"rotation": [36.25, 0, 0],
			"translation": [0, 0, -1.75],
			"scale": [0.5, 0.5, 0.5]
		},
		"thirdperson_lefthand": {
			"rotation": [36.25, 0, 0],
			"translation": [0, 0, -1.75],
			"scale": [0.5, 0.5, 0.5]
		},
		"firstperson_righthand": {
			"translation": [5.5, -0.25, -7],
			"scale": [0.85, 0.85, 0.85]
		},
		"firstperson_lefthand": {
			"translation": [5.5, -0.25, -7],
			"scale": [0.85, 0.85, 0.85]
		},
		"ground": {
			"translation": [0, 5, 0],
			"scale": [0.85, 0.85, 0.85]
		},
		"gui": {
			"rotation": [45, -45, 0],
			"scale": [0.6, 0.6, 0.6]
		}
	}
}