{
	"credit": "Made with Blockbench",
	"ambientocclusion": false,
	"texture_size": [64, 64],
	"textures": {
		"0": "rfti:item/items/chezburger",
		"particle": "rfti:item/items/chezburger"
	},
	"elements": [
		{
			"from": [4, 0, 4],
			"to": [12, 2, 12],
			"rotation": {"angle": 0, "axis": "y", "origin": [3, 0, 3]},
			"faces": {
				"north": {"uv": [2.25, 7, 4.25, 7.5], "texture": "#0"},
				"east": {"uv": [7.25, 0.5, 9.25, 1], "texture": "#0"},
				"south": {"uv": [7.25, 1, 9.25, 1.5], "texture": "#0"},
				"west": {"uv": [7.25, 1.5, 9.25, 2], "texture": "#0"},
				"up": {"uv": [4.25, 7, 2.25, 5], "texture": "#0"},
				"down": {"uv": [7, 2.25, 5, 4.25], "texture": "#0"}
			}
		},
		{
			"from": [3.5, 5.5, 3.5],
			"to": [12.5, 7.5, 12.5],
			"rotation": {"angle": 0, "axis": "y", "origin": [2.5, 5.5, 2.5]},
			"faces": {
				"north": {"uv": [7, 3, 9.25, 3.5], "texture": "#0"},
				"east": {"uv": [7, 3.5, 9.25, 4], "texture": "#0"},
				"south": {"uv": [0, 7.25, 2.25, 7.75], "texture": "#0"},
				"west": {"uv": [7.25, 0, 9.5, 0.5], "texture": "#0"},
				"up": {"uv": [2.25, 7.25, 0, 5], "texture": "#0"},
				"down": {"uv": [7.25, 0, 5, 2.25], "texture": "#0"}
			}
		},
		{
			"from": [4.5, 7.5, 4.5],
			"to": [11.5, 8.5, 11.5],
			"rotation": {"angle": 0, "axis": "y", "origin": [2.5, 7.5, 2.5]},
			"faces": {
				"north": {"uv": [7.25, 7.5, 9, 7.75], "texture": "#0"},
				"east": {"uv": [0, 7.75, 1.75, 8], "texture": "#0"},
				"south": {"uv": [1.75, 7.75, 3.5, 8], "texture": "#0"},
				"west": {"uv": [3.5, 7.75, 5.25, 8], "texture": "#0"},
				"up": {"uv": [6, 6.75, 4.25, 5], "texture": "#0"},
				"down": {"uv": [7.75, 4.25, 6, 6], "texture": "#0"}
			}
		},
		{
			"from": [3, 2, 3],
			"to": [13, 5, 13],
			"rotation": {"angle": 0, "axis": "y", "origin": [3, 2, 3]},
			"faces": {
				"north": {"uv": [6, 6, 8.5, 6.75], "texture": "#0"},
				"east": {"uv": [4.25, 6.75, 6.75, 7.5], "texture": "#0"},
				"south": {"uv": [6.75, 6.75, 9.25, 7.5], "texture": "#0"},
				"west": {"uv": [7, 2.25, 9.5, 3], "texture": "#0"},
				"up": {"uv": [2.5, 2.5, 0, 0], "texture": "#0"},
				"down": {"uv": [2.5, 2.5, 0, 5], "texture": "#0"}
			}
		},
		{
			"from": [3, 4.65, 3],
			"to": [13, 5.65, 13],
			"rotation": {"angle": -45, "axis": "y", "origin": [8, 5.15, 8]},
			"faces": {
				"north": {"uv": [7, 4, 9.5, 4.25], "texture": "#0"},
				"east": {"uv": [7.25, 2, 9.75, 2.25], "texture": "#0"},
				"south": {"uv": [2.25, 7.5, 4.75, 7.75], "texture": "#0"},
				"west": {"uv": [4.75, 7.5, 7.25, 7.75], "texture": "#0"},
				"up": {"uv": [5, 2.5, 2.5, 0], "texture": "#0"},
				"down": {"uv": [5, 2.5, 2.5, 5], "texture": "#0"}
			}
		}
	],
	"display": {
		"thirdperson_righthand": {
			"rotation": [48.25, 0, 0],
			"translation": [0, 2.75, 3],
			"scale": [0.65, 0.65, 0.65]
		},
		"thirdperson_lefthand": {
			"rotation": [48.25, 0, 0],
			"translation": [0, 2.75, 3],
			"scale": [0.65, 0.65, 0.65]
		},
		"firstperson_righthand": {
			"rotation": [-10, 0, -10],
			"translation": [-1, 5.75, 1.5],
			"scale": [0.8, 0.8, 0.8]
		},
		"firstperson_lefthand": {
			"rotation": [-16.12, 6.9, -22.52],
			"translation": [1, 3.5, -2.75],
			"scale": [0.8, 0.8, 0.8]
		},
		"ground": {
			"translation": [0, 3.5, 0],
			"scale": [0.8, 0.8, 0.8]
		},
		"gui": {
			"rotation": [20, 45, 0],
			"translation": [0, 3.5, 0]
		},
		"head": {
			"translation": [0, 14.25, 0]
		},
		"fixed": {
			"translation": [0, 4.75, 0],
			"scale": [1.25, 1.25, 1.25]
		}
	}
}