{
	"credit": "Made with Blockbench",
	"ambientocclusion": false,
	"texture_size": [32, 32],
	"textures": {
		"0": "rfti:item/items/fireworks",
		"particle": "rfti:item/items/fireworks"
	},
	"elements": [
		{
			"from": [6, 5, 6],
			"to": [10, 13, 10],
			"rotation": {"angle": 0, "axis": "y", "origin": [7, 5, 7]},
			"faces": {
				"north": {"uv": [0, 0, 2, 4], "texture": "#0"},
				"east": {"uv": [2, 0, 4, 4], "texture": "#0"},
				"south": {"uv": [0, 4, 2, 8], "texture": "#0"},
				"west": {"uv": [4, 0, 6, 4], "texture": "#0"},
				"up": {"uv": [8, 2, 6, 0], "texture": "#0"},
				"down": {"uv": [8, 2, 6, 4], "texture": "#0"}
			}
		},
		{
			"from": [7.5, 0, 7.5],
			"to": [8.5, 5, 8.5],
			"rotation": {"angle": 0, "axis": "y", "origin": [7.5, 0, 7.5]},
			"faces": {
				"north": {"uv": [8.5, 8, 9, 10.5], "texture": "#0"},
				"east": {"uv": [9, 8, 9.5, 10.5], "texture": "#0"},
				"south": {"uv": [0, 9.5, 0.5, 12], "texture": "#0"},
				"west": {"uv": [0.5, 9.5, 1, 12], "texture": "#0"},
				"up": {"uv": [7.5, 6.5, 7, 6], "texture": "#0"},
				"down": {"uv": [8, 6, 7.5, 6.5], "texture": "#0"}
			}
		},
		{
			"from": [5.5, 13, 5.5],
			"to": [10.5, 15, 10.5],
			"rotation": {"angle": 0, "axis": "y", "origin": [6.5, 13, 6.5]},
			"faces": {
				"north": {"uv": [6, 6.5, 8.5, 7.5], "texture": "#0"},
				"east": {"uv": [7, 4, 9.5, 5], "texture": "#0"},
				"south": {"uv": [7, 5, 9.5, 6], "texture": "#0"},
				"west": {"uv": [6, 7.5, 8.5, 8.5], "texture": "#0"},
				"up": {"uv": [4.5, 6.5, 2, 4], "texture": "#0"},
				"down": {"uv": [7, 4, 4.5, 6.5], "texture": "#0"}
			}
		},
		{
			"from": [6, 15, 6],
			"to": [10, 17, 10],
			"rotation": {"angle": 0, "axis": "y", "origin": [7, 15, 7]},
			"faces": {
				"north": {"uv": [8, 1.5, 10, 2.5], "texture": "#0"},
				"east": {"uv": [8, 2.5, 10, 3.5], "texture": "#0"},
				"south": {"uv": [1.5, 8.5, 3.5, 9.5], "texture": "#0"},
				"west": {"uv": [3.5, 8.5, 5.5, 9.5], "texture": "#0"},
				"up": {"uv": [4, 8.5, 2, 6.5], "texture": "#0"},
				"down": {"uv": [6, 6.5, 4, 8.5], "texture": "#0"}
			}
		},
		{
			"from": [6.5, 17, 6.5],
			"to": [9.5, 19, 9.5],
			"rotation": {"angle": 0, "axis": "y", "origin": [6.5, 17, 6.5]},
			"faces": {
				"north": {"uv": [5.5, 8.5, 7, 9.5], "texture": "#0"},
				"east": {"uv": [8.5, 6, 10, 7], "texture": "#0"},
				"south": {"uv": [7, 8.5, 8.5, 9.5], "texture": "#0"},
				"west": {"uv": [8.5, 7, 10, 8], "texture": "#0"},
				"up": {"uv": [1.5, 9.5, 0, 8], "texture": "#0"},
				"down": {"uv": [9.5, 0, 8, 1.5], "texture": "#0"}
			}
		},
		{
			"from": [7.5, 21, 7.5],
			"to": [8.5, 22, 8.5],
			"rotation": {"angle": 0, "axis": "y", "origin": [5.5, 21, 6.5]},
			"faces": {
				"north": {"uv": [1.5, 8, 2, 8.5], "texture": "#0"},
				"east": {"uv": [8, 3.5, 8.5, 4], "texture": "#0"},
				"south": {"uv": [8, 6, 8.5, 6.5], "texture": "#0"},
				"west": {"uv": [8.5, 3.5, 9, 4], "texture": "#0"},
				"up": {"uv": [9.5, 4, 9, 3.5], "texture": "#0"},
				"down": {"uv": [10, 1, 9.5, 1.5], "texture": "#0"}
			}
		},
		{
			"from": [7, 19, 7],
			"to": [9, 21, 9],
			"rotation": {"angle": 0, "axis": "y", "origin": [6, 19, 6]},
			"faces": {
				"north": {"uv": [9.5, 0, 10.5, 1], "texture": "#0"},
				"east": {"uv": [1, 9.5, 2, 10.5], "texture": "#0"},
				"south": {"uv": [2, 9.5, 3, 10.5], "texture": "#0"},
				"west": {"uv": [3, 9.5, 4, 10.5], "texture": "#0"},
				"up": {"uv": [10.5, 4.5, 9.5, 3.5], "texture": "#0"},
				"down": {"uv": [5, 9.5, 4, 10.5], "texture": "#0"}
			}
		}
	],
	"display": {
		"thirdperson_righthand": {
			"translation": [0, -3, 0],
			"scale": [0.75, 0.75, 0.75]
		},
		"thirdperson_lefthand": {
			"translation": [0, -3, 0],
			"scale": [0.75, 0.75, 0.75]
		},
		"firstperson_righthand": {
			"rotation": [-83.75, 0, 0],
			"translation": [-0.5, 0.75, 1]
		},
		"firstperson_lefthand": {
			"rotation": [-83.75, 0, 0],
			"translation": [-0.5, 0.75, 1]
		},
		"ground": {
			"rotation": [21.63, 0.29, 41.61],
			"translation": [0, 3.5, 0],
			"scale": [0.75, 0.75, 0.75]
		},
		"gui": {
			"rotation": [-20.11, 3.45, 36.71],
			"translation": [1.75, -1.75, 0],
			"scale": [0.85, 0.85, 0.85]
		},
		"head": {
			"rotation": [-90, 0, 0],
			"translation": [0, -2.25, -2.25]
		},
		"fixed": {
			"rotation": [0, 0, 45],
			"translation": [1.5, -2, -0.25]
		}
	}
}