{
	"credit": "Made with Blockbench",
	"ambientocclusion": false,
	"texture_size": [32, 32],
	"textures": {
		"0": "rfti:item/items/spear",
		"particle": "rfti:item/items/spear"
	},
	"elements": [
		{
			"from": [7, 0, 7],
			"to": [9, 15, 9],
			"rotation": {"angle": 0, "axis": "y", "origin": [7, 3, 7]},
			"faces": {
				"north": {"uv": [0, 0, 1, 7.5], "texture": "#0"},
				"east": {"uv": [1, 0, 2, 7.5], "texture": "#0"},
				"south": {"uv": [2, 0, 3, 7.5], "texture": "#0"},
				"west": {"uv": [3, 0, 4, 7.5], "texture": "#0"},
				"up": {"uv": [8, 11, 7, 10], "texture": "#0"},
				"down": {"uv": [11, 7, 10, 8], "texture": "#0"}
			}
		},
		{
			"from": [6.5, 9.5, 6.5],
			"to": [9.5, 15.5, 9.5],
			"rotation": {"angle": 0, "axis": "y", "origin": [6.5, 11.5, 6.5]},
			"faces": {
				"north": {"uv": [7, 0, 8.5, 3], "texture": "#0"},
				"east": {"uv": [7, 3, 8.5, 6], "texture": "#0"},
				"south": {"uv": [4, 7, 5.5, 10], "texture": "#0"},
				"west": {"uv": [5.5, 7, 7, 10], "texture": "#0"},
				"up": {"uv": [3.5, 11, 2, 9.5], "texture": "#0"},
				"down": {"uv": [5, 10, 3.5, 11.5], "texture": "#0"}
			}
		},
		{
			"from": [6, 14, 6],
			"to": [10, 18, 10],
			"rotation": {"angle": 0, "axis": "y", "origin": [7, 14, 7]},
			"faces": {
				"north": {"uv": [7, 6, 9, 8], "texture": "#0"},
				"east": {"uv": [0, 7.5, 2, 9.5], "texture": "#0"},
				"south": {"uv": [2, 7.5, 4, 9.5], "texture": "#0"},
				"west": {"uv": [7, 8, 9, 10], "texture": "#0"},
				"up": {"uv": [10.5, 2, 8.5, 0], "texture": "#0"},
				"down": {"uv": [10.5, 2, 8.5, 4], "texture": "#0"}
			}
		},
		{
			"from": [7, 17, 4.35],
			"to": [9, 24, 7.35],
			"rotation": {"angle": 22.5, "axis": "x", "origin": [7, 17, 4.35]},
			"faces": {
				"north": {"uv": [9, 4, 10, 7.5], "texture": "#0"},
				"east": {"uv": [4, 0, 5.5, 3.5], "texture": "#0"},
				"south": {"uv": [9, 7.5, 10, 11], "texture": "#0"},
				"west": {"uv": [4, 3.5, 5.5, 7], "texture": "#0"},
				"up": {"uv": [11, 5.5, 10, 4], "texture": "#0"},
				"down": {"uv": [6, 10, 5, 11.5], "texture": "#0"}
			}
		},
		{
			"from": [7.001, 17, 8.65],
			"to": [9.001, 24, 11.65],
			"rotation": {"angle": -22.5, "axis": "x", "origin": [7, 17, 11.65]},
			"faces": {
				"north": {"uv": [0, 9.5, 1, 13], "texture": "#0"},
				"east": {"uv": [5.5, 0, 7, 3.5], "texture": "#0"},
				"south": {"uv": [1, 9.5, 2, 13], "texture": "#0"},
				"west": {"uv": [5.5, 3.5, 7, 7], "texture": "#0"},
				"up": {"uv": [11, 7, 10, 5.5], "texture": "#0"},
				"down": {"uv": [7, 10, 6, 11.5], "texture": "#0"}
			}
		}
	],
	"display": {
		"thirdperson_righthand": {
			"translation": [0, 0.25, 2]
		},
		"thirdperson_lefthand": {
			"translation": [0, 0.25, 2]
		},
		"firstperson_righthand": {
			"rotation": [-94, 0, 0],
			"translation": [0, 12.75, 3]
		},
		"firstperson_lefthand": {
			"rotation": [-94, 0, 0],
			"translation": [0, 12.75, 3]
		},
		"ground": {
			"rotation": [-45, 0, -45],
			"scale": [0.5, 0.5, 0.5]
		},
		"gui": {
			"rotation": [-45, 45, 70],
			"translation": [1.75, -1.75, 0],
			"scale": [0.7, 0.7, 0.7]
		},
		"head": {
			"rotation": [-70, 0, 0],
			"translation": [0, 5, -7]
		},
		"fixed": {
			"rotation": [90, 45, -90],
			"translation": [-2.75, -2.75, 0]
		}
	}
}