{
	"credit": "Made with Blockbench",
	"ambientocclusion": false,
	"textures": {
		"0": "rfti:item/items/speed_cola",
		"particle": "rfti:item/items/speed_cola"
	},
	"elements": [
		{
			"from": [6, 0, 6],
			"to": [10, 6, 10],
			"rotation": {"angle": 0, "axis": "y", "origin": [8, 3, 8]},
			"faces": {
				"north": {"uv": [0, 0, 4, 6], "texture": "#0"},
				"east": {"uv": [4, 0, 8, 6], "texture": "#0"},
				"south": {"uv": [0, 6, 4, 12], "texture": "#0"},
				"west": {"uv": [4, 6, 8, 12], "texture": "#0"},
				"up": {"uv": [12, 4, 8, 0], "texture": "#0"},
				"down": {"uv": [12, 4, 8, 8], "texture": "#0"}
			}
		}
	],
	"display": {
		"thirdperson_righthand": {
			"rotation": [49.75, 0, 0],
			"translation": [0, 4.25, 3.5],
			"scale": [1.02, 1.02, 1.02]
		},
		"thirdperson_lefthand": {
			"rotation": [49.75, 0, 0],
			"translation": [0, 4.25, 3.5],
			"scale": [1.02, 1.02, 1.02]
		},
		"firstperson_righthand": {
			"rotation": [-180, 53.5, -180],
			"translation": [1, 7, 0.25]
		},
		"firstperson_lefthand": {
			"rotation": [-180, 53.5, -180],
			"translation": [0, 7, 0]
		},
		"ground": {
			"rotation": [24.01, -5.2, -12.5],
			"translation": [1.25, 7.25, 2],
			"scale": [1.2, 1.2, 1.2]
		},
		"gui": {
			"rotation": [45, 135, 0],
			"translation": [0, 5.5, 0],
			"scale": [1.5, 1.5, 1.5]
		},
		"head": {
			"rotation": [86, 0, 0],
			"translation": [0, -4, -4.25]
		},
		"fixed": {
			"scale": [1.5, 1.5, 1.5]
		}
	}
}