{
	"credit": "Made with Blockbench",
	"ambientocclusion": false,
	"texture_size": [64, 64],
	"textures": {
		"0": "rfti:item/map/dice/dice",
		"particle": "rfti:item/map/dice/dice"
	},
	"elements": [
		{
			"from": [1, 1, 1],
			"to": [15, 15, 15],
			"rotation": {"angle": 0, "axis": "y", "origin": [7, 1, 7]},
			"faces": {
				"north": {"uv": [0, 0, 3.5, 3.5], "texture": "#0"},
				"east": {"uv": [0, 3.5, 3.5, 7], "texture": "#0"},
				"south": {"uv": [3.5, 0, 7, 3.5], "texture": "#0"},
				"west": {"uv": [3.5, 3.5, 7, 7], "texture": "#0"},
				"up": {"uv": [3.5, 10.5, 0, 7], "texture": "#0"},
				"down": {"uv": [10.5, 0, 7, 3.5], "texture": "#0"}
			}
		},
		{
			"from": [15.5, 15.5, 15.5],
			"to": [0.5, 0.5, 0.5],
			"rotation": {"angle": 0, "axis": "y", "origin": [8, 8, 8]},
			"faces": {
				"north": {"uv": [10.5, 0, 14.5, 4], "texture": "#0"},
				"east": {"uv": [10.5, 0, 14.5, 4], "texture": "#0"},
				"south": {"uv": [10.5, 0, 14.5, 4], "texture": "#0"},
				"west": {"uv": [10.5, 0, 14.5, 4], "texture": "#0"},
				"up": {"uv": [10.5, 0, 14.5, 4], "texture": "#0"},
				"down": {"uv": [10.5, 0, 14.5, 4], "texture": "#0"}
			}
		}
	],
	"display": {}
}